<xmap>
<doc type="exd" name="Exchange_860">
<node type="table" name="Header">
<node type="field" name="EDTY"/>
<node type="field" name="EDSQ"/>
<node type="field" name="EKCO"/>
<node type="field" name="EDOC"/>
<node type="field" name="EDCT"/>
<node type="field" name="EDLN"/>
<node type="field" name="EDST"/>
<node type="field" name="EDFT"/>
<node type="field" name="EDDT"/>
<node type="field" name="EDER"/>
<node type="field" name="EDDL"/>
<node type="field" name="EDSP"/>
<node type="field" name="EDBT"/>
<node type="field" name="PNID"/>
<node type="field" name="TPUR"/>
<node type="field" name="KCOO"/>
<node type="field" name="DOCO"/>
<node type="field" name="DCTO"/>
<node type="field" name="SFXO"/>
<node type="field" name="MCU"/>
<node type="field" name="CO"/>
<node type="field" name="OKCO"/>
<node type="field" name="OORN"/>
<node type="field" name="OCTO"/>
<node type="field" name="RKCO"/>
<node type="field" name="RORN"/>
<node type="field" name="RCTO"/>
<node type="field" name="AN8"/>
<node type="field" name="SHAN"/>
<node type="field" name="PA8"/>
<node type="field" name="DRQJ"/>
<node type="field" name="TRDJ"/>
<node type="field" name="PDDJ"/>
<node type="field" name="OPDJ"/>
<node type="field" name="ADDJ"/>
<node type="field" name="CNDJ"/>
<node type="field" name="PEFJ"/>
<node type="field" name="PPDJ"/>
<node type="field" name="PSDJ"/>
<node type="field" name="VR01"/>
<node type="field" name="VR02"/>
<node type="field" name="DEL1"/>
<node type="field" name="DEL2"/>
<node type="field" name="INMG"/>
<node type="field" name="PTC"/>
<node type="field" name="RYIN"/>
<node type="field" name="ASN"/>
<node type="field" name="PRGP"/>
<node type="field" name="TRDC"/>
<node type="field" name="PCRT"/>
<node type="field" name="TXA1"/>
<node type="field" name="EXR1"/>
<node type="field" name="TXCT"/>
<node type="field" name="ATXT"/>
<node type="field" name="PRIO"/>
<node type="field" name="BACK"/>
<node type="field" name="SBAL"/>
<node type="field" name="NTR"/>
<node type="field" name="ANBY"/>
<node type="field" name="CARS"/>
<node type="field" name="MOT"/>
<node type="field" name="COT"/>
<node type="field" name="ROUT"/>
<node type="field" name="STOP"/>
<node type="field" name="ZON"/>
<node type="field" name="CNID"/>
<node type="field" name="FRTH"/>
<node type="field" name="AFT"/>
<node type="field" name="RCD"/>
<node type="field" name="OTOT"/>
<node type="field" name="TOTC"/>
<node type="field" name="WUMD"/>
<node type="field" name="VUMD"/>
<node type="field" name="AUTN"/>
<node type="field" name="CACT"/>
<node type="field" name="CEXP"/>
<node type="field" name="CRMD"/>
<node type="field" name="CRRM"/>
<node type="field" name="CRCD"/>
<node type="field" name="CRR"/>
<node type="field" name="LNGP"/>
<node type="field" name="FAP"/>
<node type="field" name="FCST"/>
<node type="field" name="ORBY"/>
<node type="field" name="TKBY"/>
<node type="field" name="URCD"/>
<node type="field" name="URDT"/>
<node type="field" name="URAT"/>
<node type="field" name="URAB"/>
<node type="field" name="URRF"/>
<node type="field" name="TORG"/>
<node type="field" name="USER"/>
<node type="field" name="PID"/>
<node type="field" name="JOBN"/>
<node type="field" name="UPMJ"/>
<node type="field" name="TDAY"/>
<node type="field" name="IR01"/>
<node type="field" name="IR02"/>
<node type="field" name="IR03"/>
<node type="field" name="IR04"/>
<node type="field" name="IR05"/>
<node type="field" name="VR03"/>
<node type="field" name="SOOR"/>
<node type="field" name="PMDT"/>
<node type="field" name="RSDT"/>
<node type="field" name="RQSJ"/>
<node type="field" name="PSTM"/>
<node type="field" name="PDTT"/>
<node type="field" name="OPTT"/>
<node type="field" name="DRQT"/>
<node type="field" name="ADTM"/>
<node type="field" name="ADLJ"/>
<node type="field" name="PBAN"/>
<node type="field" name="ITAN"/>
<node type="field" name="FTAN"/>
<node type="field" name="DVAN"/>
<node type="field" name="DOC1"/>
<node type="field" name="DCT4"/>
<node type="field" name="CORD"/>
<node type="field" name="BSC"/>
<node type="field" name="BCRC"/>
<node type="field" name="RSHT"/>
<node type="field" name="HOLD"/>
<node type="field" name="FUF1"/>
<node type="field" name="AUFT"/>
<node type="field" name="AUFI"/>
<node type="field" name="OPBO"/>
<node type="field" name="OPTC"/>
<node type="field" name="OPLD"/>
<node type="field" name="OPBK"/>
<node type="field" name="OPSB"/>
<node type="field" name="OPPS"/>
<node type="field" name="OPPL"/>
<node type="field" name="OPMS"/>
<node type="field" name="OPSS"/>
<node type="field" name="OPBA"/>
<node type="field" name="OPLL"/>
<node type="field" name="PRAN8"/>
<node type="field" name="PRCIDLN"/>
<node type="field" name="OPPID"/>
<node type="field" name="CCIDLN"/>
<node type="field" name="SDATTN"/>
<node type="field" name="SHCCIDLN"/>
<node type="field" name="SPATTN"/>
<node type="field" name="OTIND"/>
<node type="field" name="EXVAR0"/>
<node type="field" name="EXVAR1"/>
<node type="field" name="EXVAR4"/>
<node type="field" name="EXVAR5"/>
<node type="field" name="EXVAR6"/>
<node type="field" name="EXVAR7"/>
<node type="field" name="EXVAR12"/>
<node type="field" name="EXVAR13"/>
<node type="field" name="EXNM0"/>
<node type="field" name="EXNM1"/>
<node type="field" name="EXNM2"/>
<node type="field" name="EXNMP0"/>
<node type="field" name="EXNMP1"/>
<node type="field" name="EXNMP2"/>
<node type="field" name="EXDT0"/>
<node type="field" name="EXDT1"/>
<node type="field" name="EXDT2"/>
<node type="table" name="Detail">
<node type="field" name="EDTY"/>
<node type="field" name="EDSQ"/>
<node type="field" name="EKCO"/>
<node type="field" name="EDOC"/>
<node type="field" name="EDCT"/>
<node type="field" name="EDLN"/>
<node type="field" name="EDST"/>
<node type="field" name="EDFT"/>
<node type="field" name="EDDT"/>
<node type="field" name="EDER"/>
<node type="field" name="EDDL"/>
<node type="field" name="EDSP"/>
<node type="field" name="EDBT"/>
<node type="field" name="PNID"/>
<node type="field" name="CHGC"/>
<node type="field" name="KCOO"/>
<node type="field" name="DOCO"/>
<node type="field" name="DCTO"/>
<node type="field" name="LNID"/>
<node type="field" name="SFXO"/>
<node type="field" name="MCU"/>
<node type="field" name="CO"/>
<node type="field" name="OKCO"/>
<node type="field" name="OORN"/>
<node type="field" name="OCTO"/>
<node type="field" name="OGNO"/>
<node type="field" name="RKCO"/>
<node type="field" name="RORN"/>
<node type="field" name="RCTO"/>
<node type="field" name="RLLN"/>
<node type="field" name="DMCT"/>
<node type="field" name="DMCS"/>
<node type="field" name="AN8"/>
<node type="field" name="SHAN"/>
<node type="field" name="PA8"/>
<node type="field" name="DRQJ"/>
<node type="field" name="TRDJ"/>
<node type="field" name="PDDJ"/>
<node type="field" name="OPDJ"/>
<node type="field" name="ADDJ"/>
<node type="field" name="IVD"/>
<node type="field" name="CNDJ"/>
<node type="field" name="DGL"/>
<node type="field" name="RSDJ"/>
<node type="field" name="PEFJ"/>
<node type="field" name="PPDJ"/>
<node type="field" name="PSDJ"/>
<node type="field" name="VR01"/>
<node type="field" name="VR02"/>
<node type="field" name="ITM"/>
<node type="field" name="LITM"/>
<node type="field" name="AITM"/>
<node type="field" name="CITM"/>
<node type="field" name="LOCN"/>
<node type="field" name="LOTN"/>
<node type="field" name="FRGD"/>
<node type="field" name="THGD"/>
<node type="field" name="FRMP"/>
<node type="field" name="THRP"/>
<node type="field" name="EXDP"/>
<node type="field" name="DSC1"/>
<node type="field" name="DSC2"/>
<node type="field" name="LNTY"/>
<node type="field" name="NXTR"/>
<node type="field" name="LTTR"/>
<node type="field" name="EMCU"/>
<node type="field" name="RLIT"/>
<node type="field" name="KTLN"/>
<node type="field" name="CPNT"/>
<node type="field" name="RKIT"/>
<node type="field" name="KTP"/>
<node type="field" name="SRP1"/>
<node type="field" name="SRP2"/>
<node type="field" name="SRP3"/>
<node type="field" name="SRP4"/>
<node type="field" name="SRP5"/>
<node type="field" name="PRP1"/>
<node type="field" name="PRP2"/>
<node type="field" name="PRP3"/>
<node type="field" name="PRP4"/>
<node type="field" name="PRP5"/>
<node type="field" name="UOM"/>
<node type="field" name="UORG"/>
<node type="field" name="SOQS"/>
<node type="field" name="SOBK"/>
<node type="field" name="SOCN"/>
<node type="field" name="SONE"/>
<node type="field" name="UOPN"/>
<node type="field" name="QTYT"/>
<node type="field" name="QRLV"/>
<node type="field" name="COMM"/>
<node type="field" name="OTQY"/>
<node type="field" name="UPRC"/>
<node type="field" name="AEXP"/>
<node type="field" name="AOPN"/>
<node type="field" name="PROV"/>
<node type="field" name="TPC"/>
<node type="field" name="APUM"/>
<node type="field" name="LPRC"/>
<node type="field" name="UNCS"/>
<node type="field" name="ECST"/>
<node type="field" name="CSTO"/>
<node type="field" name="TCST"/>
<node type="field" name="INMG"/>
<node type="field" name="PTC"/>
<node type="field" name="RYIN"/>
<node type="field" name="DTBS"/>
<node type="field" name="TRDC"/>
<node type="field" name="FUN2"/>
<node type="field" name="ASN"/>
<node type="field" name="PRGR"/>
<node type="field" name="CLVL"/>
<node type="field" name="DSPR"/>
<node type="field" name="DSFT"/>
<node type="field" name="FAPP"/>
<node type="field" name="CADC"/>
<node type="field" name="KCO"/>
<node type="field" name="DOC"/>
<node type="field" name="DCT"/>
<node type="field" name="ODOC"/>
<node type="field" name="ODCT"/>
<node type="field" name="OKC"/>
<node type="field" name="PSN"/>
<node type="field" name="DELN"/>
<node type="field" name="TAX1"/>
<node type="field" name="TXA1"/>
<node type="field" name="EXR1"/>
<node type="field" name="ATXT"/>
<node type="field" name="PRIO"/>
<node type="field" name="RESL"/>
<node type="field" name="BACK"/>
<node type="field" name="SBAL"/>
<node type="field" name="APTS"/>
<node type="field" name="LOB"/>
<node type="field" name="EUSE"/>
<node type="field" name="DTYS"/>
<node type="field" name="NTR"/>
<node type="field" name="VEND"/>
<node type="field" name="ANBY"/>
<node type="field" name="CARS"/>
<node type="field" name="MOT"/>
<node type="field" name="COT"/>
<node type="field" name="ROUT"/>
<node type="field" name="STOP"/>
<node type="field" name="ZON"/>
<node type="field" name="CNID"/>
<node type="field" name="FRTH"/>
<node type="field" name="AFT"/>
<node type="field" name="FUF1"/>
<node type="field" name="FRTC"/>
<node type="field" name="FRAT"/>
<node type="field" name="RATT"/>
<node type="field" name="SHCM"/>
<node type="field" name="SHCN"/>
<node type="field" name="SERN"/>
<node type="field" name="UOM1"/>
<node type="field" name="PQOR"/>
<node type="field" name="UOM2"/>
<node type="field" name="SQOR"/>
<node type="field" name="UOM4"/>
<node type="field" name="ITWT"/>
<node type="field" name="WTUM"/>
<node type="field" name="ITVL"/>
<node type="field" name="VLUM"/>
<node type="field" name="RPRC"/>
<node type="field" name="ORPR"/>
<node type="field" name="ORP"/>
<node type="field" name="CMGP"/>
<node type="field" name="CMGL"/>
<node type="field" name="GLC"/>
<node type="field" name="CTRY"/>
<node type="field" name="FY"/>
<node type="field" name="STTS"/>
<node type="field" name="SO01"/>
<node type="field" name="SO02"/>
<node type="field" name="SO03"/>
<node type="field" name="SO04"/>
<node type="field" name="SO05"/>
<node type="field" name="SO06"/>
<node type="field" name="SO07"/>
<node type="field" name="SO08"/>
<node type="field" name="SO09"/>
<node type="field" name="SO10"/>
<node type="field" name="SO11"/>
<node type="field" name="SO12"/>
<node type="field" name="SO13"/>
<node type="field" name="SO14"/>
<node type="field" name="SO15"/>
<node type="field" name="ACOM"/>
<node type="field" name="CMCG"/>
<node type="field" name="RCD"/>
<node type="field" name="GRWT"/>
<node type="field" name="GWUM"/>
<node type="field" name="ANI"/>
<node type="field" name="AID"/>
<node type="field" name="OMCU"/>
<node type="field" name="OBJ"/>
<node type="field" name="SUB"/>
<node type="field" name="LT"/>
<node type="field" name="SBL"/>
<node type="field" name="SBLT"/>
<node type="field" name="LCOD"/>
<node type="field" name="UPC1"/>
<node type="field" name="UPC2"/>
<node type="field" name="UPC3"/>
<node type="field" name="SWMS"/>
<node type="field" name="UNCD"/>
<node type="field" name="CRMD"/>
<node type="field" name="CRCD"/>
<node type="field" name="CRR"/>
<node type="field" name="FPRC"/>
<node type="field" name="FUP"/>
<node type="field" name="FEA"/>
<node type="field" name="FUC"/>
<node type="field" name="FEC"/>
<node type="field" name="URCD"/>
<node type="field" name="URDT"/>
<node type="field" name="URAT"/>
<node type="field" name="URAB"/>
<node type="field" name="URRF"/>
<node type="field" name="TORG"/>
<node type="field" name="USER"/>
<node type="field" name="PID"/>
<node type="field" name="JOBN"/>
<node type="field" name="UPMJ"/>
<node type="field" name="TDAY"/>
<node type="field" name="IR01"/>
<node type="field" name="IR02"/>
<node type="field" name="IR03"/>
<node type="field" name="IR04"/>
<node type="field" name="IR05"/>
<node type="field" name="SOOR"/>
<node type="field" name="DEID"/>
<node type="field" name="PSIG"/>
<node type="field" name="RLNU"/>
<node type="field" name="PMDT"/>
<node type="field" name="RLTM"/>
<node type="field" name="RLDJ"/>
<node type="field" name="DRQT"/>
<node type="field" name="ADTM"/>
<node type="field" name="OPTT"/>
<node type="field" name="PDTT"/>
<node type="field" name="PSTM"/>
<node type="field" name="PMTN"/>
<node type="field" name="BSC"/>
<node type="field" name="CBSC"/>
<node type="field" name="DVAN"/>
<node type="field" name="RFRV"/>
<node type="field" name="SHPN"/>
<node type="field" name="PRJM"/>
<node type="field" name="HOLD"/>
<node type="field" name="PMTO"/>
<node type="field" name="DUAL"/>
</node>
</node>
</doc>
</xmap>